-- phpMyAdmin SQL Dump
-- version 4.1.14
-- http://www.phpmyadmin.net
--
-- Host: 127.0.0.1
-- Generation Time: 2018-04-14 07:01:21
-- 服务器版本： 5.6.17
-- PHP Version: 5.5.12

SET SQL_MODE = "NO_AUTO_VALUE_ON_ZERO";
SET time_zone = "+00:00";


/*!40101 SET @OLD_CHARACTER_SET_CLIENT=@@CHARACTER_SET_CLIENT */;
/*!40101 SET @OLD_CHARACTER_SET_RESULTS=@@CHARACTER_SET_RESULTS */;
/*!40101 SET @OLD_COLLATION_CONNECTION=@@COLLATION_CONNECTION */;
/*!40101 SET NAMES utf8 */;

--
-- Database: `association`
--

-- --------------------------------------------------------

--
-- 表的结构 `base_authority`
--

CREATE TABLE IF NOT EXISTS `base_authority` (
  `id` int(11) NOT NULL AUTO_INCREMENT,
  `name` varchar(64) NOT NULL,
  `function` varchar(64) NOT NULL,
  PRIMARY KEY (`id`)
) ENGINE=InnoDB  DEFAULT CHARSET=utf8 AUTO_INCREMENT=3 ;

--
-- 转存表中的数据 `base_authority`
--

INSERT INTO `base_authority` (`id`, `name`, `function`) VALUES
(1, '添加文章', 'article/add'),
(2, '删除文章', 'article/delete');

-- --------------------------------------------------------

--
-- 表的结构 `base_community`
--

CREATE TABLE IF NOT EXISTS `base_community` (
  `id` int(11) NOT NULL AUTO_INCREMENT,
  `name` varchar(64) NOT NULL,
  PRIMARY KEY (`id`)
) ENGINE=InnoDB  DEFAULT CHARSET=utf8 AUTO_INCREMENT=401 ;

--
-- 转存表中的数据 `base_community`
--

INSERT INTO `base_community` (`id`, `name`) VALUES
(1, '运通家园'),
(2, '华夏经典'),
(3, '新源小区'),
(4, '吉祥小区'),
(5, '东新里'),
(6, '华夏奥韵'),
(7, '外贸宿舍楼'),
(8, '锦绣观邸'),
(9, '幸福城朗园'),
(10, '荣华里'),
(11, '集宁小区'),
(12, '廊坊孔雀城公园海'),
(13, '恒庆公寓'),
(14, '紫金华府'),
(15, '郦水嘉园'),
(16, '廊坊孔雀城大学里(商住楼)'),
(17, '平旺里小区'),
(18, '管道八区'),
(19, '银河领域'),
(20, '管道局新六区'),
(21, '乔治花园'),
(22, '锦绣花苑'),
(23, '万向城'),
(24, '益民花园'),
(25, '旭辉十九城邦'),
(26, '建宏小区'),
(27, '利民小区'),
(28, '憩园新区'),
(29, '逸树家'),
(30, '圣泰新苑南区'),
(31, '金玉源'),
(32, '百殿园'),
(33, '居阳里'),
(34, '康乐小区'),
(35, '天地凤凰城'),
(36, '尚都新苑'),
(37, '博泰公寓'),
(38, '廊坊日报社宿舍'),
(39, '金元小区'),
(40, '幸福城润园'),
(41, '孔雀丹枫园'),
(42, '丰盛小区'),
(43, '群星小区'),
(44, '林苑小区'),
(45, '文明里'),
(46, '东方家园'),
(47, '塞纳荣府'),
(48, '锦盛园小区'),
(49, '苏荷塘'),
(50, '荣盛花语城'),
(51, '建华里小区'),
(52, '华夏铂宫'),
(53, '名人国际'),
(54, '新民小区D区'),
(55, '憩园小区'),
(56, '华夏名筑'),
(57, '宏泰花园'),
(58, '和平花园'),
(59, '阿尔卡迪亚'),
(60, '雅园一区'),
(61, '长安小区'),
(62, '金光小区'),
(63, '新城小区'),
(64, '康顺里小区'),
(65, '董村小区'),
(66, '锦绣名园'),
(67, '盛通国际小区'),
(68, '王寨小区'),
(69, '天泰人和'),
(70, '廊坊孔雀城大学里'),
(71, '晓廊坊'),
(72, '馨钻界'),
(73, '廊坊万达广场北区'),
(74, '幸福城雅园'),
(75, '尚北金街'),
(76, '同乐小区'),
(77, '管道局一区小区'),
(78, '天圆公寓'),
(79, '金安楼'),
(80, '物探家园'),
(81, '金泰花园小区'),
(82, '铁路宿舍'),
(83, '裕华小区'),
(84, '金利苑'),
(85, '恒基惜缘花城'),
(86, '中交香颂'),
(87, '恒盛阳光佳和'),
(88, '空中花园'),
(89, '七中宿舍'),
(90, '蓝水湾小区'),
(91, '清河街小区'),
(92, '移动通信小区'),
(93, '财政局宿舍小区'),
(94, '东日瑞景'),
(95, '乐园小区'),
(96, '盛园小区'),
(97, '凤河公寓'),
(98, '宏泰美树'),
(99, '金桥花园'),
(100, '世锦名城'),
(101, '圣玉百呈'),
(102, '颖丽花园'),
(103, '锦城小区'),
(104, '金地小区东区'),
(105, '圣泰新苑'),
(106, '红星里'),
(107, '光明东里'),
(108, '广阳公寓'),
(109, '太平洋保险公司宿舍楼'),
(110, '聚星苑'),
(111, '金玉里'),
(112, '新民小区C区'),
(113, '新奥小区'),
(114, '曙光小区'),
(115, '气象局家属楼'),
(116, '管道局四区'),
(117, '第七大街小区'),
(118, '嘉都TIME'),
(119, '物产丰盛楼'),
(120, '天域花园'),
(121, '祥泰花园'),
(122, '鼎兴公寓'),
(123, '蓝多廊公寓'),
(124, '新益小区'),
(125, '华腾嘉园'),
(126, '恒盛塞纳河谷'),
(127, '儒苑小区'),
(128, '德源华通小区'),
(129, '管道局第二生活区'),
(130, '迎春小区'),
(131, '曙光道环卫局宿舍'),
(132, '政法小区'),
(133, '群乐里'),
(134, '民政局宿舍楼'),
(135, '北新里'),
(136, '翠林洲'),
(137, '新民小区B区'),
(138, '第八大街东区'),
(139, '馨平公寓'),
(140, '国际花园'),
(141, '燕丰园'),
(142, '建工里'),
(143, '恒基嘉园'),
(144, '富苑小区'),
(145, '紫金城'),
(146, '新星里小区'),
(147, '金华里'),
(148, '安华里小区'),
(149, '新民里'),
(150, '东方大学城二期教师公寓A区'),
(151, '圣泰花园'),
(152, '尚都公馆'),
(153, '大官庄小区'),
(154, '三五三一小区'),
(155, '乡榭郦舍'),
(156, '怡景花园小区'),
(157, '旭景花园'),
(158, '华夏花园'),
(159, '三五三四小区'),
(160, '牡丹苑'),
(161, '华祥里'),
(162, '帼华邨'),
(163, '银河逸景'),
(164, '嘉通名苑小区'),
(165, '华元和庭'),
(166, '锦瑞尚城'),
(167, '骏丰里小区'),
(168, '都市花园'),
(169, '星盛园'),
(170, '富华小区'),
(171, '芳菲苑'),
(172, '今日家园'),
(173, '新明里小区'),
(174, '馨境界西区'),
(175, '淀粉厂宿舍'),
(176, '天域学府'),
(177, '金海公寓'),
(178, '丰华里'),
(179, '翔宇家园'),
(180, '中房馨园'),
(181, '金城里'),
(182, '曙光道供电局宿舍'),
(183, '百殿园'),
(184, '新华南小区'),
(185, '水云间'),
(186, '金源丽都'),
(187, '春和花园(北区)'),
(188, '群安实业小区'),
(189, '第八大街西区'),
(190, '艾力枫社东区'),
(191, '华夏水晶城'),
(192, '新民小区A区'),
(193, '经委楼小区'),
(194, '天和小区'),
(195, '北吉里小区'),
(196, '德安里小区'),
(197, '芳泽园小区'),
(198, '外宾公寓'),
(199, '朝晖里华航小区'),
(200, '新开路管道局宿舍楼'),
(201, '盛泽花城'),
(202, '万城英郡'),
(203, '塞纳荣府(别墅)'),
(204, '银河小区'),
(205, '大学里峰尚(商住楼)'),
(206, '格林郡府'),
(207, '廊坊万达广场南区(商住楼)'),
(208, '东方花园'),
(209, '阳光高第'),
(210, '外贸楼'),
(211, '盛世嘉豪'),
(212, '跃界花园'),
(213, '艾力枫社国际广场'),
(214, '孔雀公馆'),
(215, '帝景天城'),
(216, '幸福城润园(商住楼)'),
(217, '东方之珠'),
(218, '廊和坊金融家'),
(219, '春和花园(南区)'),
(220, '鸿坤凤凰城(别墅)'),
(221, '孔雀丹枫园(商住楼)'),
(222, '华苑小区'),
(223, '康乐花园'),
(224, '荣盛锦绣御府'),
(225, '北京锋巢'),
(226, '世纪花园'),
(227, '中国石油天然气管道局第七生活区...'),
(228, '新世界花园'),
(229, '廊坊孔雀城大公馆'),
(230, '天地凤凰城(别墅)'),
(231, '凤河国际高尔夫别墅'),
(232, '国际花园(别墅)'),
(233, '万康小区'),
(234, '鸿坤凤凰城(商住楼)'),
(235, '廊坊孔雀城大学里(别墅)'),
(236, '廊坊万达广场南区'),
(237, '廊坊孔雀城悦秀园(商住楼)'),
(238, '太阳城'),
(239, '凯创国际公寓'),
(240, '凯旋大道'),
(241, '旭辉十九城邦(别墅)'),
(242, '万怡小区'),
(243, '新世界铜锣湾'),
(244, '盛泰花园'),
(245, '大学城专家公寓'),
(246, '廊坊万达广场北区(商住楼)'),
(247, '锦绣家园'),
(248, '新光里小区'),
(249, '金银湾'),
(250, '梅花公寓'),
(251, '旭辉十九城邦(商住楼)'),
(252, '鸿坤凤凰城'),
(253, '观锦城(二期)'),
(254, '艾力枫社西区'),
(255, '万春园东区'),
(256, '康庄小区东区'),
(257, '廊北小区'),
(258, '双馨嘉园'),
(259, '万乐小区'),
(260, '金地小区西区'),
(261, '雅园二区'),
(262, '上善颐园'),
(263, '盛德金地'),
(264, '新空港孔雀城'),
(265, '安瑞嘉园'),
(266, '采四小区'),
(267, '红新里'),
(268, '先锋小区'),
(269, '新华小区'),
(270, '汇景轩'),
(271, '城市旺点'),
(272, '清都颐园'),
(273, '新华广场'),
(274, '香榭里舍公寓'),
(275, '盛世嘉华小区'),
(276, '雅致花园'),
(277, '京华佳苑'),
(278, '香溪湾'),
(279, '宸阳岛小区'),
(280, '华馨小区'),
(281, '孔雀城公园海'),
(282, '金碧伦温泉公寓'),
(283, '裕西里'),
(284, '粮食局宿舍'),
(285, '群华里'),
(286, '和平丽景'),
(287, '廊坊孔雀城悦秀园'),
(288, '荣盛华府'),
(289, '供电宿舍'),
(290, '第六街区(商住楼)'),
(291, '农兴里'),
(292, '廊坊市电子信息工程学校家属院'),
(293, '大学里峰尚'),
(294, '未来城'),
(295, '凤河孔雀英国宫'),
(296, '颐和佳苑'),
(297, '康庄小区西区'),
(298, '东方大学城教师公寓'),
(299, '香邑廊桥'),
(300, '枫景园'),
(301, '向英里'),
(302, '花语馨苑'),
(303, '畜牧局宿舍楼'),
(304, '五大街外贸楼'),
(305, '金梅苑'),
(306, '建设局宿舍'),
(307, '农行家属楼'),
(308, '廊坊政法小区'),
(309, '金昌综合楼'),
(310, '新安里社区'),
(311, '静怡家园北院'),
(312, '解放道纺织楼'),
(313, '美景嘉园小区'),
(314, '华兴里供电小区'),
(315, '观锦城(一期)'),
(316, '万和南区'),
(317, '紫云轩小区'),
(318, '御泉湾'),
(319, '英伦花园'),
(320, '中央风景小区'),
(321, '壹公馆'),
(322, '物价局宿舍'),
(323, '如意里'),
(324, '万和上品'),
(325, '新财小区'),
(326, '宝石花苑'),
(327, '君正云顶花苑'),
(328, '东方名邸'),
(329, '先锋里小区'),
(330, '华阳小区'),
(331, '孔雀海'),
(332, '廊坊老干部局宿舍'),
(333, '银河公寓'),
(334, '保险公司宿舍楼'),
(335, '上邦尚城'),
(336, '安顺里'),
(337, '文化局宿舍'),
(338, '鑫汇里'),
(339, '富春里'),
(340, '万众里社区'),
(341, '静怡家园南院'),
(342, '华秋里小区西区'),
(343, '中国石油管道公司员工公寓'),
(344, '丫咪公寓'),
(345, '金兰苑'),
(346, '周各庄新区'),
(347, '远景北京荟'),
(348, '万和公馆'),
(349, '银行逸景'),
(350, '秀景花园'),
(351, '金银滩花园'),
(352, '中央峰景'),
(353, '艾力枫社高尔夫花园'),
(354, '金芳苑'),
(355, '君正红石庄园'),
(356, '物产集团丰盛楼'),
(357, '银河领域二期'),
(358, '兴悦花园'),
(359, '中国人民银行家属楼'),
(360, '四季家园'),
(361, '津元里'),
(362, '众贤里'),
(363, '花栖左岸'),
(364, '白家务'),
(365, '正隆家园'),
(366, '锦秀名园'),
(367, '麻营小区'),
(368, '中国石油天然气管道局第四生活区...'),
(369, '新侨国际公寓'),
(370, '春华里'),
(371, '和平郡府'),
(372, '区调队宿舍'),
(373, '中国石油天然气管道局第三生活区...'),
(374, '测绘院小区'),
(375, '金源丽都'),
(376, '都市名园'),
(377, '长虹里'),
(378, '中国石油天然气管道局第五生活区...'),
(379, '城市风景馨领地'),
(380, '馨境界东区'),
(381, '东方花园'),
(382, '新源道地税局宿舍楼'),
(383, '永跃里小区'),
(384, '金安里'),
(385, '华秋里小区东区'),
(386, '幸福城欣园'),
(387, '郡望'),
(388, '兴盛公寓'),
(389, '第七大街商住公寓'),
(390, '农行宿舍'),
(391, '华熙公馆'),
(392, '盛通银河'),
(393, '新财小区'),
(394, '曙光工行宿舍楼'),
(395, '万和北区'),
(396, '安和园'),
(397, '京津花园'),
(398, '润绿公寓'),
(399, '解放8号'),
(400, '祥泰别墅');

-- --------------------------------------------------------

--
-- 表的结构 `base_role`
--

CREATE TABLE IF NOT EXISTS `base_role` (
  `id` int(11) NOT NULL AUTO_INCREMENT,
  `name` varchar(64) NOT NULL,
  PRIMARY KEY (`id`)
) ENGINE=InnoDB  DEFAULT CHARSET=utf8 AUTO_INCREMENT=7 ;

--
-- 转存表中的数据 `base_role`
--

INSERT INTO `base_role` (`id`, `name`) VALUES
(1, 'administrator'),
(2, 'webmaster'),
(3, 'editor'),
(4, 'user'),
(6, 'guest');

-- --------------------------------------------------------

--
-- 表的结构 `role_authority`
--

CREATE TABLE IF NOT EXISTS `role_authority` (
  `roleid` int(11) NOT NULL,
  `authorityid` int(11) NOT NULL,
  PRIMARY KEY (`roleid`,`authorityid`)
) ENGINE=InnoDB DEFAULT CHARSET=utf8;

--
-- 转存表中的数据 `role_authority`
--

INSERT INTO `role_authority` (`roleid`, `authorityid`) VALUES
(1, 1),
(1, 2),
(6, 1);

-- --------------------------------------------------------

--
-- 表的结构 `second`
--

CREATE TABLE IF NOT EXISTS `second` (
  `id` int(11) NOT NULL AUTO_INCREMENT,
  `community_id` int(11) NOT NULL COMMENT '小区ID',
  `position` varchar(128) DEFAULT NULL,
  `price` decimal(7,2) NOT NULL,
  `area` decimal(7,2) NOT NULL,
  `room` int(11) NOT NULL,
  `hall` int(11) NOT NULL,
  `toilet` int(11) NOT NULL,
  `direction` varchar(8) NOT NULL,
  `floor` int(11) NOT NULL,
  `total_floor` int(11) NOT NULL,
  `decoration` varchar(16) NOT NULL,
  `birth` int(11) NOT NULL,
  `traffic` varchar(128) NOT NULL,
  `specialty` varchar(128) NOT NULL,
  `property_fee` decimal(4,2) NOT NULL,
  `company` int(11) NOT NULL,
  `property_company` int(11) NOT NULL,
  PRIMARY KEY (`id`)
) ENGINE=InnoDB  DEFAULT CHARSET=utf8 AUTO_INCREMENT=2 ;

--
-- 转存表中的数据 `second`
--

INSERT INTO `second` (`id`, `community_id`, `position`, `price`, `area`, `room`, `hall`, `toilet`, `direction`, `floor`, `total_floor`, `decoration`, `birth`, `traffic`, `specialty`, `property_fee`, `company`, `property_company`) VALUES
(1, 1, '廊坊市新源道', '5800.00', '128.23', 3, 2, 2, '南北', 5, 11, '简单装修', 2005, '8路、13路、12路', '南北通透、冬暖夏凉', '2.00', 3, 3);

-- --------------------------------------------------------

--
-- 表的结构 `user`
--

CREATE TABLE IF NOT EXISTS `user` (
  `id` int(11) NOT NULL AUTO_INCREMENT,
  `name` varchar(16) NOT NULL,
  `mobile` varchar(16) NOT NULL,
  `password` varchar(64) NOT NULL,
  `firsttime` datetime NOT NULL DEFAULT CURRENT_TIMESTAMP,
  `updatetime` datetime NOT NULL DEFAULT CURRENT_TIMESTAMP,
  `ip` varchar(32) NOT NULL,
  PRIMARY KEY (`id`)
) ENGINE=InnoDB  DEFAULT CHARSET=utf8 AUTO_INCREMENT=3 ;

--
-- 转存表中的数据 `user`
--

INSERT INTO `user` (`id`, `name`, `mobile`, `password`, `firsttime`, `updatetime`, `ip`) VALUES
(1, 'Roc', '13931657890', 'd4cd5e9c8f07658b81a06d17b6d321ea', '0000-00-00 00:00:00', '2018-04-14 06:27:24', '127.0.0.1'),
(2, 'test', '18630623965', 'd4cd5e9c8f07658b81a06d17b6d321ea', '0000-00-00 00:00:00', '0000-00-00 00:00:00', '');

-- --------------------------------------------------------

--
-- 表的结构 `user_role`
--

CREATE TABLE IF NOT EXISTS `user_role` (
  `userid` int(11) NOT NULL,
  `roleid` int(11) NOT NULL,
  PRIMARY KEY (`userid`,`roleid`)
) ENGINE=InnoDB DEFAULT CHARSET=utf8;

--
-- 转存表中的数据 `user_role`
--

INSERT INTO `user_role` (`userid`, `roleid`) VALUES
(1, 1),
(2, 1),
(2, 6);

/*!40101 SET CHARACTER_SET_CLIENT=@OLD_CHARACTER_SET_CLIENT */;
/*!40101 SET CHARACTER_SET_RESULTS=@OLD_CHARACTER_SET_RESULTS */;
/*!40101 SET COLLATION_CONNECTION=@OLD_COLLATION_CONNECTION */;
